{
    "None": [],
    "Identity": [ 1, 0, 0, 0, 0, 1, 0, 0, 0, 0, 1, 0 ],
    "CMYK": [ 0.4124, 0.3576, 0.1805, 1, 0.2126, 0.7152, 0.0722, 1, 0.0193, 0.1192, 0.9505, 1 ],
    "YUV": [ 0.299, 0.587, 0.114, 1, -0.14713, -0.28886, 0.436, 1, 0.615, -0.51499, -0.10001, 1 ],
    "CIE_XYZ": [ 0.412453, 0.357580, 0.180423, 1, 0.212671, 0.715160, 0.072169, 1, 0.019334, 0.119193, 0.950227, 1 ],
    "Grayscale": [ 0.299, 0.587, 0.114, 1, 0.299, 0.587, 0.114, 1, 0.299, 0.587, 0.114, 1 ],
    "Sepia": [ 0.393, 0.769, 0.189, 1, 0.349, 0.686, 0.168, 1, 0.272, 0.534, 0.131, 1 ],
    "Invert": [ -1, 0, 0, 1, 0, -1, 0, 1, 0, 0, -1, 1 ],
    "White Point": [ 1, 0, 0, 1.2, 0, 1, 0, 1.2, 0, 0, 1, 1.2 ],
    "Tint(Cyan-Red)": [ 1, 0, 0, 1, 0, 1, 0, -1, 0, 0, 1, -1 ],
    "Tint(Magenta-Green)": [ 1, 0, 0, -1, 0, 1, 0, 1, 0, 0, 1, -1 ],
    "Tint(Yellow-Blue)": [ 1, 0, 0, -1, 0, 1, 0, -1, 0, 0, 1, 1 ],
    "Color Balance": [ 1.5, 0, 0, 1, 0, 1, 0, 1, 0, 0, 0.8, 1 ],
    "True Color": [ 1.87, -0.79, -0.08, 1, -0.20, 1.64, -0.44, 1, 0.03, -0.55, 1.52, 1 ],
    "Bluish": [ -1, -2, -1, 1, 1, 0, 0, 1, 1, 0, 1, 1 ],
    "Hellish": [ 1, 0, 0, 1, 0, 1, -1, 1, 0, -1, 1, 1 ],
    "Hellish 2": [ -1.8, 1, 0.8, 1, -1, 0, 0, 1, 0, -1, 1, 1 ],
    "Hellish 3": [ 0.3, -0.3, 0.9, 1, 1.8, -1, 0, 1, -1, 0, 0.4, 1 ],
    "Ghostly": [ -1, 1, 0, 1, -1, 0.5, 1, 1, 0, 1, 1, 1 ],
    "Evil": [ -1.8, 1, 0.8, 1, -0.1, 0.3, 0, 1, 0.5, -1, 1, 1 ],
    "Evil 2": [ 0, 3, -2, 1, -1, 1, 0.2, 1, -1, 1.4, -1, 1 ],
    "Scary": [ 0, -1, 0, 1, 1, -0.45, 0, 1, -1, 2, -1, 1 ],
    "Scary 2": [ 0, 0, 0, 1, -2, 1, 0.6, 1, -1, 1.4, -1, 1 ],
    "Scary 2 (Hi-Contrast)": [ 0, 0, 0, 1, -1, -1, 3.7, 1, -0.1, -1, 1.1, 1 ],
    "Afterdark": [ -0.9, 0, 0, 1, -0.5, -0.5, 0, 1, 0.2, -0.9, 1.06, 1 ],
    "Deuteranopia": [ 0.625, 0.7, 0, 1, 0.375, 0.3, 0.3, 1, 0, 0, 0.7, 1 ],
    "Protanopia": [ 0.567, 0.558, 0, 1, 0.433, 0.442, 0.242, 1, 0, 0, 0.758, 1 ],
    "Tritanopia": [ 0.95, 0, 0, 1, 0.05, 0.433, 0.475, 1, 0, 0.567, 0.525, 1 ]
}